id,title,author_id,body,Website URL
post1,Luna Yoga,11,,https://orange855257.studio.site/
post2,Tokyo-Architects,10,,https://sample01tokyoarchitects.studio.site/
post3,Flow Cafe,10,,https://sample02flowcafe.studio.site/
post4,,7,,https://magenta722274.studio.site/
post5,,10,,https://sample03studiotec.studio.site/
post6,,16,,https://lumiere-naturel.studio.site/
post7,,5,,https://gray787749.studio.site/
post8,,5,,https://salmon722796.studio.site/
post9,,11,,https://www.smart-engineer.co.jp/
post10,,7,,https://ivory983808.studio.site/
post11,,11,,https://wakuwakudriven.com/
post12,,3,,https://preview.studio.site/live/xNWYN16lOl
post13,,2,,https://azure157155.studio.site/
post14,,1,,https://indigo678413.studio.site/
post15,,4,,https://maroon301144.studio.site/
post16,,8,,https://tailor-base.com/
post17,,6,,https://lifes-home.com/
post18,,7,,https://preview.studio.site/live/p6aooxxNaR/1